{
  "main_metrics": {
    "accuracy": 0.8223,
    "precision": 0.8254,
    "recall": 0.8223,
    "f1_score": 0.8235
  },
  "detailed_metrics": {
    "precision_per_class": [
      0.7041,
      0.8805
    ],
    "recall_per_class": [
      0.7438,
      0.858
    ],
    "f1_per_class": [
      0.7234,
      0.8691
    ],
    "support_per_class": [
      160,
      352
    ]
  },
  "confusion_matrix": [
    [
      119,
      41
    ],
    [
      50,
      302
    ]
  ],
  "classification_report": {
    "clickbait": {
      "precision": 0.7041420118343196,
      "recall": 0.74375,
      "f1-score": 0.723404255319149,
      "support": 160.0
    },
    "non-clickbait": {
      "precision": 0.880466472303207,
      "recall": 0.8579545454545454,
      "f1-score": 0.8690647482014389,
      "support": 352.0
    },
    "accuracy": 0.822265625,
    "macro avg": {
      "precision": 0.7923042420687633,
      "recall": 0.8008522727272727,
      "f1-score": 0.7962345017602939,
      "support": 512.0
    },
    "weighted avg": {
      "precision": 0.8253650784066797,
      "recall": 0.822265625,
      "f1-score": 0.8235458441757233,
      "support": 512.0
    }
  },
  "label_mapping": {
    "clickbait": 0,
    "non-clickbait": 1
  },
  "model_info": {
    "model_name": "vinai/phobert-base",
    "model_path": "checkpoints/phobert-base-v2/latest_checkpoint.pth",
    "test_samples": 512
  }
}