{
  "main_metrics": {
    "accuracy": 0.8125,
    "precision": 0.8248,
    "recall": 0.8125,
    "f1_score": 0.8162
  },
  "detailed_metrics": {
    "precision_per_class": [
      0.6702,
      0.8951
    ],
    "recall_per_class": [
      0.7875,
      0.8239
    ],
    "f1_per_class": [
      0.7241,
      0.858
    ],
    "support_per_class": [
      160,
      352
    ]
  },
  "confusion_matrix": [
    [
      126,
      34
    ],
    [
      62,
      290
    ]
  ],
  "classification_report": {
    "clickbait": {
      "precision": 0.6702127659574468,
      "recall": 0.7875,
      "f1-score": 0.7241379310344828,
      "support": 160.0
    },
    "non-clickbait": {
      "precision": 0.8950617283950617,
      "recall": 0.8238636363636364,
      "f1-score": 0.8579881656804734,
      "support": 352.0
    },
    "accuracy": 0.8125,
    "macro avg": {
      "precision": 0.7826372471762543,
      "recall": 0.8056818181818182,
      "f1-score": 0.7910630483574781,
      "support": 512.0
    },
    "weighted avg": {
      "precision": 0.8247964276333071,
      "recall": 0.8125,
      "f1-score": 0.8161599673536013,
      "support": 512.0
    }
  },
  "label_mapping": {
    "clickbait": 0,
    "non-clickbait": 1
  },
  "model_info": {
    "model_name": "vinai/phobert-large",
    "model_path": "checkpoints/phobert-large-v2/best_model.pth",
    "test_samples": 512
  }
}